id_cliente,nombre_completo,fecha_nacimiento,correo,ciudad,fecha_registro
CLI-0001,ana adama,1980-12-26,ana.adama@ejemplo.com,Arequipa,2023-12-13
CLI-0002,Carlos Ortiz,1974-03-16,carlos.ortiz@ejemplo.com,Lima,2023-10-15
CLI-0003,Javier Ortiz,1996-06-07,javier.ortiz@ejemplo.com,Lima,2023-03-23
CLI-0004,Patricia Mendoza,1979-08-29,patricia.mendoza@ejemplo.com,Piura,2023-02-22
CLI-0005,Carlos Guzman,2008-01-07,carlos.guzman@ejemplo.com,Chiclayo,2023-01-23
CLI-0006,RICARDO GARCIA,1986-12-24,ricardo.garcia@ejemplo.com,,2023-05-31
CLI-0007,rosa ramirez,1972-01-21,rosa.ramirez@ejemplo.com,Chiclayo,2023-02-10
CLI-0008,Sonia Garcia,1990-05-04,sonia.garcia@ejemplo.com,Piura,2023-03-25
CLI-0009,Rosa Rojas,1981-12-23,rosa.rojas@ejemplo.com,Arequipa,2023-11-08
CLI-0010,Elena Flores,1987-01-08,elena.flores@ejemplo.com,Cusco,2023-12-17
CLI-0011,Fernando Lopez,1971-06-10,fernando.lopez@ejemplo.com,Iquitos,2023-05-18
CLI-0012,CARLOS RAMIREZ,1995-06-11,carlos.ramirez@ejemplo.com,Piura,2023-04-19
CLI-0013,MARTA GUZMAN,1998-11-02,marta.guzman@ejemplo.com,Chiclayo,2023-03-13
CLI-0014,sonia castro,1989-03-21,sonia.castro@ejemplo.com,Iquitos,2023-07-05
CLI-0015,Sonia Perez,1974-01-29,sonia.perez@ejemplo.com,Arequipa,2023-03-20
CLI-0016,Elena Ortiz,1987-04-06,elena.ortiz@ejemplo.com,Huancayo,2023-09-28
CLI-0017,Roberto Adama,1975-02-20,roberto.adama@ejemplo.com,Chiclayo,2023-11-25
CLI-0018,Fernando Garcia,1977-02-04,fernando.garcia@ejemplo.com,Chiclayo,2023-09-14
CLI-0019,ELENA GARCIA,1983-05-22,elena.garcia@ejemplo.com,Cusco,2023-03-20
CLI-0020,Rosa Torres,2004-12-05,rosa.torres@ejemplo.com,Lima,2023-11-03
CLI-0021,Fernando Luna,1986-04-14,fernando.luna@ejemplo.com,Chiclayo,2023-05-03
CLI-0022,MARIA FLORES,1973-07-14,maria.flores@ejemplo.com,,2023-09-06
CLI-0023,Carlos Perez,1991-04-28,carlos.perez@ejemplo.com,Trujillo,2023-05-16
CLI-0024,PATRICIA RAMIREZ,2003-11-18,patricia.ramirez@ejemplo.com,Cusco,2024-01-01
CLI-0025,LUCIA GUZMAN,1999-02-25,lucia.guzman@ejemplo.com,Huancayo,2023-03-03
CLI-0026,Sonia Flores,1970-12-11,sonia.flores@ejemplo.com,Cusco,2023-10-29
CLI-0027,Sonia Adama,1998-04-23,sonia.adama@ejemplo.com,,2023-02-04
CLI-0028,Maria Mendoza,1980-09-04,maria.mendoza@ejemplo.com,Huancayo,2023-04-20
CLI-0029,Luis Luna,1991-03-21,luis.luna@ejemplo.com,Cusco,2023-02-18
CLI-0030,Ana Ortiz,1988-06-10,ana.ortiz@ejemplo.com,Lima,2023-12-11
CLI-0031,Ana Lopez,1985-03-22,ana.lopez@ejemplo.com,Arequipa,2023-05-08
CLI-0032,Javier Ramirez,1976-04-15,javier.ramirez@ejemplo.com,Chiclayo,2023-08-25
CLI-0033,Sonia Ruiz,1994-09-08,sonia.ruiz@ejemplo.com,,2023-11-30
CLI-0034,DIEGO RUIZ,2008-01-27,diego.ruiz@ejemplo.com,Iquitos,2023-09-06
CLI-0035,MARTA RAMIREZ,1972-08-18,marta.ramirez@ejemplo.com,Lima,2023-07-19
CLI-0036,Roberto Silva,2001-03-31,roberto.silva@ejemplo.com,Huancayo,2023-03-21
CLI-0037,Javier Vargas,1972-08-16,javier.vargas@ejemplo.com,Lima,2023-06-10
CLI-0038,Maria Lopez,1992-07-22,maria.lopez@ejemplo.com,Trujillo,2023-01-30
CLI-0039,Carlos Torres,1973-01-18,carlos.torres@ejemplo.com,Cusco,2023-07-26
CLI-0040,Ana Flores,1971-10-14,ana.flores@ejemplo.com,Iquitos,2023-12-03
CLI-0041,Fernando Castro,2002-02-16,fernando.castro@ejemplo.com,Chiclayo,2023-07-22
CLI-0042,Luis Vargas,2003-09-23,luis.vargas@ejemplo.com,Lima,2023-08-23
CLI-0043,Ana Ruiz,1992-09-10,ana.ruiz@ejemplo.com,Piura,2023-02-05
CLI-0044,Sonia Rojas,1989-08-28,sonia.rojas@ejemplo.com,Chiclayo,2023-11-10
CLI-0045,DIEGO VARGAS,1974-08-25,diego.vargas@ejemplo.com,Trujillo,2023-05-16
CLI-0046,ana garcia,1976-12-21,ana.garcia@ejemplo.com,Cusco,2023-06-25
CLI-0047,Javier Castro,1981-04-07,javier.castro@ejemplo.com,Lima,2023-02-17
CLI-0048,Patricia Castro,1984-12-17,patricia.castro@ejemplo.com,Chiclayo,2023-03-24
CLI-0049,Ricardo Ortiz,1975-01-07,ricardo.ortiz@ejemplo.com,,2023-12-20
CLI-0050,luis lopez,1996-02-17,luis.lopez@ejemplo.com,Iquitos,2023-03-07
CLI-0051,Maria Vargas,2005-09-17,maria.vargas@ejemplo.com,Lima,2023-07-03
CLI-0052,Javier Flores,1985-11-12,javier.flores@ejemplo.com,Iquitos,2023-11-14
CLI-0053,LUIS FLORES,2005-11-18,luis.flores@ejemplo.com,Iquitos,2023-01-13
CLI-0054,elena mendoza,1988-06-20,elena.mendoza@ejemplo.com,Cusco,2023-05-17
CLI-0055,Elena Garcia,1971-09-27,elena.garcia@ejemplo.com,Cusco,2023-04-13
CLI-0056,Ricardo Rojas,2005-09-04,ricardo.rojas@ejemplo.com,Cusco,2023-01-13
CLI-0057,Javier Guzman,1973-02-11,javier.guzman@ejemplo.com,Chiclayo,2023-06-29
CLI-0058,GABRIEL MENDOZA,1975-03-05,gabriel.mendoza@ejemplo.com,Chiclayo,2023-04-02
CLI-0059,Roberto Lopez,1989-06-29,roberto.lopez@ejemplo.com,Piura,2023-08-12
CLI-0060,ANA GUZMAN,1978-07-12,ana.guzman@ejemplo.com,Iquitos,2023-01-01
CLI-0061,Javier Rojas,1999-10-18,javier.rojas@ejemplo.com,Piura,2023-12-06
CLI-0062,Ana Vargas,1999-12-01,ana.vargas@ejemplo.com,Iquitos,2023-12-23
CLI-0063,Lucia Perez,1999-10-30,lucia.perez@ejemplo.com,Trujillo,2023-11-12
CLI-0064,Lucia Guzman,1970-01-07,lucia.guzman@ejemplo.com,Cusco,2023-08-09
CLI-0065,Fernando Silva,2000-04-22,fernando.silva@ejemplo.com,Huancayo,2023-03-28
CLI-0066,Carlos Vargas,1998-05-24,carlos.vargas@ejemplo.com,Arequipa,2023-05-01
CLI-0067,lucia flores,1976-08-11,lucia.flores@ejemplo.com,,2023-05-06
CLI-0068,Marta Ruiz,1998-04-02,marta.ruiz@ejemplo.com,Iquitos,2023-09-11
CLI-0069,Gabriel Flores,2000-11-05,gabriel.flores@ejemplo.com,,2023-02-24
CLI-0070,Patricia Flores,2001-03-20,patricia.flores@ejemplo.com,Lima,2023-10-13
CLI-0071,Sonia Garcia,2005-12-13,sonia.garcia@ejemplo.com,Piura,2023-08-15
CLI-0072,PATRICIA SILVA,2003-05-12,patricia.silva@ejemplo.com,Huancayo,2023-05-13
CLI-0073,sonia castro,1993-05-20,sonia.castro@ejemplo.com,Cusco,2023-05-21
CLI-0074,ricardo ruiz,1980-07-08,ricardo.ruiz@ejemplo.com,Piura,2023-10-04
CLI-0075,Carlos Perez,1987-03-08,carlos.perez@ejemplo.com,Cusco,2023-02-02
CLI-0076,Patricia Ortiz,1990-11-25,patricia.ortiz@ejemplo.com,Cusco,2023-08-04
CLI-0077,GABRIEL ADAMA,2004-05-05,gabriel.adama@ejemplo.com,Huancayo,2023-01-04
CLI-0078,rosa vargas,2008-04-13,rosa.vargas@ejemplo.com,Iquitos,2023-10-03
CLI-0079,Sonia Luna,1989-07-20,sonia.luna@ejemplo.com,Iquitos,2023-06-22
CLI-0080,gabriel torres,1975-09-23,gabriel.torres@ejemplo.com,Lima,2023-07-21
CLI-0081,Diego Ruiz,1976-02-02,diego.ruiz@ejemplo.com,Trujillo,2023-01-26
CLI-0082,Roberto Guzman,1990-05-25,roberto.guzman@ejemplo.com,Iquitos,2023-05-23
CLI-0083,patricia castro,1991-02-05,patricia.castro@ejemplo.com,,2023-10-04
CLI-0084,Maria Rojas,1973-01-29,maria.rojas@ejemplo.com,Lima,2023-01-16
CLI-0085,sonia ramirez,1997-11-14,sonia.ramirez@ejemplo.com,Trujillo,2023-08-31
CLI-0086,Ana Ramirez,1981-06-30,ana.ramirez@ejemplo.com,Trujillo,2023-11-07
CLI-0087,ANA TORRES,1974-11-07,ana.torres@ejemplo.com,Chiclayo,2023-10-22
CLI-0088,GABRIEL GUZMAN,1978-11-24,gabriel.guzman@ejemplo.com,,2023-12-20
CLI-0089,Sonia Garcia,1983-07-13,sonia.garcia@ejemplo.com,Arequipa,2023-10-17
CLI-0090,Maria Rojas,1999-09-04,maria.rojas@ejemplo.com,Piura,2023-01-07
CLI-0091,Patricia Luna,1986-04-01,patricia.luna@ejemplo.com,Huancayo,2023-12-29
CLI-0092,Luis Ortiz,1993-05-28,luis.ortiz@ejemplo.com,Chiclayo,2023-11-12
CLI-0093,Marta Silva,2002-10-17,marta.silva@ejemplo.com,Piura,2023-05-06
CLI-0094,CARLOS CASTRO,1980-12-09,carlos.castro@ejemplo.com,Iquitos,2023-06-22
CLI-0095,DIEGO LUNA,1978-02-27,diego.luna@ejemplo.com,Piura,2023-05-13
CLI-0096,FERNANDO CASTRO,2001-06-15,fernando.castro@ejemplo.com,Lima,2023-09-22
CLI-0097,Javier Ruiz,1988-03-25,javier.ruiz@ejemplo.com,Cusco,2023-12-20
CLI-0098,Marta Luna,1970-10-10,marta.luna@ejemplo.com,,2023-04-24
CLI-0099,Gabriel Flores,1996-02-02,gabriel.flores@ejemplo.com,Piura,2023-08-06
CLI-0100,fernando rojas,1982-02-25,fernando.rojas@ejemplo.com,Cusco,2023-03-03
CLI-0101,Javier Mendoza,1994-01-14,javier.mendoza@ejemplo.com,Trujillo,2023-04-09
CLI-0102,Javier Luna,1996-06-12,javier.luna@ejemplo.com,Chiclayo,2023-02-21
CLI-0103,Javier Vargas,1978-01-18,javier.vargas@ejemplo.com,Trujillo,2023-05-21
CLI-0104,Maria Lopez,2001-04-14,maria.lopez@ejemplo.com,Huancayo,2023-02-22
CLI-0105,Diego Vargas,1989-10-04,diego.vargas@ejemplo.com,Lima,2023-05-10
CLI-0106,marta garcia,1987-12-23,marta.garcia@ejemplo.com,Lima,2023-03-19
CLI-0107,Luis Vargas,1981-02-18,luis.vargas@ejemplo.com,,2023-08-02
CLI-0108,Sonia Guzman,1989-11-10,sonia.guzman@ejemplo.com,Iquitos,2023-06-06
CLI-0109,MARIA GARCIA,1979-04-28,maria.garcia@ejemplo.com,Chiclayo,2023-12-05
CLI-0110,Carlos Torres,1994-10-05,carlos.torres@ejemplo.com,,2023-01-02
CLI-0111,Patricia Silva,1991-01-30,patricia.silva@ejemplo.com,Cusco,2023-05-28
CLI-0112,Lucia Silva,1980-06-21,lucia.silva@ejemplo.com,Cusco,2023-08-06
CLI-0113,Ana Flores,1981-12-01,ana.flores@ejemplo.com,Arequipa,2023-01-31
CLI-0114,Elena Vargas,2006-12-22,elena.vargas@ejemplo.com,Chiclayo,2023-08-13
CLI-0115,Ana Silva,2001-05-22,ana.silva@ejemplo.com,Chiclayo,2023-09-14
CLI-0116,Marta Silva,1971-10-16,marta.silva@ejemplo.com,Piura,2023-11-06
CLI-0117,Roberto Adama,2000-03-31,roberto.adama@ejemplo.com,Lima,2023-12-11
CLI-0118,roberto lopez,1977-11-10,roberto.lopez@ejemplo.com,Huancayo,2023-05-23
CLI-0119,Elena Ortiz,1992-01-22,elena.ortiz@ejemplo.com,Huancayo,2023-06-28
CLI-0120,Patricia Mendoza,1974-09-10,patricia.mendoza@ejemplo.com,Piura,2023-07-30
CLI-0121,Marta Vargas,1987-12-19,marta.vargas@ejemplo.com,Lima,2023-08-21
CLI-0122,Carlos Mendoza,1975-03-15,carlos.mendoza@ejemplo.com,Iquitos,2023-09-21
CLI-0123,Diego Silva,1978-06-01,diego.silva@ejemplo.com,Huancayo,2023-11-17
CLI-0124,Ricardo Lopez,1994-08-21,ricardo.lopez@ejemplo.com,Chiclayo,2023-08-13
CLI-0125,Marta Garcia,1998-04-06,marta.garcia@ejemplo.com,Cusco,2023-12-30
CLI-0126,Elena Vargas,1994-10-10,elena.vargas@ejemplo.com,Cusco,2023-02-28
CLI-0127,Ricardo Garcia,1976-11-27,ricardo.garcia@ejemplo.com,Chiclayo,2023-09-18
CLI-0128,roberto ortiz,1991-03-08,roberto.ortiz@ejemplo.com,Trujillo,2023-07-16
CLI-0129,JAVIER PEREZ,1982-05-24,javier.perez@ejemplo.com,Iquitos,2023-06-24
CLI-0130,Roberto Adama,1983-05-24,roberto.adama@ejemplo.com,Huancayo,2023-03-18
CLI-0131,Ricardo Luna,1994-10-04,ricardo.luna@ejemplo.com,Iquitos,2023-08-22
CLI-0132,FERNANDO RAMIREZ,1980-09-17,fernando.ramirez@ejemplo.com,Cusco,2023-07-30
CLI-0133,maria mendoza,2001-08-20,maria.mendoza@ejemplo.com,Iquitos,2023-07-17
CLI-0134,LUIS LUNA,1975-08-31,luis.luna@ejemplo.com,Piura,2023-02-21
CLI-0135,Ricardo Garcia,1990-07-01,ricardo.garcia@ejemplo.com,,2023-03-15
CLI-0136,Patricia Perez,2005-01-21,patricia.perez@ejemplo.com,Piura,2023-11-16
CLI-0137,GABRIEL RUIZ,2008-03-26,gabriel.ruiz@ejemplo.com,Iquitos,2023-06-12
CLI-0138,Marta Lopez,1980-07-13,marta.lopez@ejemplo.com,Chiclayo,2023-04-27
CLI-0139,CARLOS ORTIZ,2004-02-09,carlos.ortiz@ejemplo.com,Arequipa,2023-08-16
CLI-0140,ELENA VARGAS,1972-01-24,elena.vargas@ejemplo.com,Lima,2023-05-31
CLI-0141,Rosa Rojas,1980-12-14,rosa.rojas@ejemplo.com,Trujillo,2023-03-29
CLI-0142,Elena Ruiz,1987-02-28,elena.ruiz@ejemplo.com,Cusco,2023-09-12
CLI-0143,Luis Flores,1981-05-24,luis.flores@ejemplo.com,Lima,2023-08-27
CLI-0144,Lucia Torres,1985-07-02,lucia.torres@ejemplo.com,Chiclayo,2023-11-24
CLI-0145,Patricia Castro,1983-07-21,patricia.castro@ejemplo.com,Iquitos,2023-09-05
CLI-0146,Ana Flores,1986-02-07,ana.flores@ejemplo.com,Chiclayo,2023-01-12
CLI-0147,Gabriel Castro,2000-10-06,gabriel.castro@ejemplo.com,Lima,2023-11-07
CLI-0148,marta vargas,1980-04-28,marta.vargas@ejemplo.com,Piura,2023-04-23
CLI-0149,Javier Castro,2002-05-04,javier.castro@ejemplo.com,Trujillo,2023-11-18
CLI-0150,Ana Lopez,1989-10-10,ana.lopez@ejemplo.com,,2023-07-06
CLI-0151,LUIS RUIZ,1984-08-27,luis.ruiz@ejemplo.com,Trujillo,2023-04-13
CLI-0152,Luis Rojas,1982-03-24,luis.rojas@ejemplo.com,Chiclayo,2023-09-04
CLI-0153,lucia mendoza,1991-01-04,lucia.mendoza@ejemplo.com,Trujillo,2023-04-26
CLI-0154,Gabriel Rojas,1987-09-13,gabriel.rojas@ejemplo.com,,2023-10-02
CLI-0155,Ana Silva,2003-08-07,ana.silva@ejemplo.com,Iquitos,2023-11-23
CLI-0156,Rosa Garcia,1991-02-24,rosa.garcia@ejemplo.com,,2023-10-15
CLI-0157,Fernando Flores,1998-07-03,fernando.flores@ejemplo.com,Chiclayo,2023-11-29
CLI-0158,Patricia Garcia,1971-09-02,patricia.garcia@ejemplo.com,Huancayo,2023-03-01
CLI-0159,ANA FLORES,1976-02-01,ana.flores@ejemplo.com,Piura,2023-12-10
CLI-0160,PATRICIA PEREZ,1999-05-19,patricia.perez@ejemplo.com,,2023-09-08
CLI-0161,Patricia Castro,1986-08-15,patricia.castro@ejemplo.com,Huancayo,2023-05-01
CLI-0162,ROSA GARCIA,1986-06-24,rosa.garcia@ejemplo.com,Piura,2023-02-01
CLI-0163,Gabriel Castro,1975-06-25,gabriel.castro@ejemplo.com,Huancayo,2023-02-16
CLI-0164,Javier Adama,1984-12-17,javier.adama@ejemplo.com,Trujillo,2023-10-17
CLI-0165,javier ruiz,1994-11-11,javier.ruiz@ejemplo.com,Cusco,2023-04-30
CLI-0166,fernando perez,1996-09-25,fernando.perez@ejemplo.com,,2023-03-16
CLI-0167,luis castro,1974-12-07,luis.castro@ejemplo.com,Lima,2023-03-09
CLI-0168,diego rojas,1980-09-03,diego.rojas@ejemplo.com,Lima,2023-03-31
CLI-0169,Roberto Lopez,1988-11-19,roberto.lopez@ejemplo.com,Arequipa,2023-09-01
CLI-0170,Ricardo Rojas,1974-11-22,ricardo.rojas@ejemplo.com,Cusco,2023-11-11
CLI-0171,Maria Vargas,1971-05-26,maria.vargas@ejemplo.com,,2023-09-03
CLI-0172,Gabriel Ortiz,1991-12-29,gabriel.ortiz@ejemplo.com,Huancayo,2023-02-07
CLI-0173,Carlos Mendoza,1972-12-12,carlos.mendoza@ejemplo.com,Piura,2023-07-15
CLI-0174,Lucia Silva,1989-04-19,lucia.silva@ejemplo.com,,2023-12-26
CLI-0175,Ana Ramirez,1980-04-01,ana.ramirez@ejemplo.com,Huancayo,2023-07-24
CLI-0176,Patricia Garcia,1984-01-08,patricia.garcia@ejemplo.com,Piura,2023-03-20
CLI-0177,Marta Ruiz,1973-10-30,marta.ruiz@ejemplo.com,,2023-02-19
CLI-0178,Rosa Perez,1996-04-22,rosa.perez@ejemplo.com,Piura,2023-12-10
CLI-0179,Ana Ortiz,1999-11-05,ana.ortiz@ejemplo.com,Iquitos,2023-01-27
CLI-0180,Lucia Vargas,1995-12-04,lucia.vargas@ejemplo.com,Trujillo,2023-12-03
CLI-0181,marta flores,1985-09-15,marta.flores@ejemplo.com,Piura,2023-02-28
CLI-0182,roberto flores,2007-11-30,roberto.flores@ejemplo.com,Lima,2023-11-08
CLI-0183,Roberto Adama,2001-07-10,roberto.adama@ejemplo.com,Piura,2023-06-29
CLI-0184,DIEGO TORRES,1995-05-28,diego.torres@ejemplo.com,Arequipa,2023-03-14
CLI-0185,diego ruiz,1979-08-26,diego.ruiz@ejemplo.com,Huancayo,2023-06-24
CLI-0186,Elena Rojas,1984-07-20,elena.rojas@ejemplo.com,Arequipa,2023-01-27
CLI-0187,luis torres,1972-03-26,luis.torres@ejemplo.com,Chiclayo,2023-08-15
CLI-0188,Patricia Luna,1988-07-30,patricia.luna@ejemplo.com,Arequipa,2023-06-26
CLI-0189,Patricia Garcia,2000-06-08,patricia.garcia@ejemplo.com,Chiclayo,2023-01-24
CLI-0190,SONIA GUZMAN,1972-06-16,sonia.guzman@ejemplo.com,,2023-06-04
CLI-0191,javier perez,1982-12-26,javier.perez@ejemplo.com,Lima,2023-09-12
CLI-0192,Patricia Torres,1993-11-21,patricia.torres@ejemplo.com,Piura,2023-02-06
CLI-0193,Gabriel Lopez,1990-08-16,gabriel.lopez@ejemplo.com,Piura,2023-10-22
CLI-0194,patricia guzman,1988-09-26,patricia.guzman@ejemplo.com,Iquitos,2023-01-11
CLI-0195,fernando torres,1997-09-23,fernando.torres@ejemplo.com,Piura,2023-02-15
CLI-0196,Patricia Garcia,1996-06-01,patricia.garcia@ejemplo.com,Arequipa,2023-07-22
CLI-0197,Lucia Mendoza,2004-12-13,lucia.mendoza@ejemplo.com,Arequipa,2023-09-29
CLI-0198,Javier Rojas,2006-09-26,javier.rojas@ejemplo.com,Trujillo,2023-05-01
CLI-0199,Ana Perez,1977-10-13,ana.perez@ejemplo.com,Arequipa,2023-04-01
CLI-0200,marta silva,2004-02-01,marta.silva@ejemplo.com,Piura,2023-11-18
CLI-0201,Fernando Perez,1991-01-13,fernando.perez@ejemplo.com,Chiclayo,2023-05-21
CLI-0202,Maria Rojas,1983-12-04,maria.rojas@ejemplo.com,Lima,2023-01-30
CLI-0203,Rosa Vargas,1974-01-19,rosa.vargas@ejemplo.com,Iquitos,2023-08-25
CLI-0204,MARIA SILVA,1995-08-24,maria.silva@ejemplo.com,Piura,2023-11-06
CLI-0205,MARTA PEREZ,1990-03-18,marta.perez@ejemplo.com,,2023-06-25
CLI-0206,Carlos Torres,2001-09-28,carlos.torres@ejemplo.com,Huancayo,2023-09-26
CLI-0207,Elena Rojas,1982-09-09,elena.rojas@ejemplo.com,Piura,2023-12-14
CLI-0208,Maria Mendoza,1974-03-29,maria.mendoza@ejemplo.com,Iquitos,2023-05-26
CLI-0209,Roberto Perez,1996-02-21,roberto.perez@ejemplo.com,Piura,2023-06-08
CLI-0210,Gabriel Perez,1973-10-20,gabriel.perez@ejemplo.com,Iquitos,2023-11-26
CLI-0211,Fernando Perez,2007-03-09,fernando.perez@ejemplo.com,Arequipa,2023-11-27
CLI-0212,Patricia Rojas,1983-11-09,patricia.rojas@ejemplo.com,Cusco,2023-06-24
CLI-0213,Marta Ramirez,1976-03-03,marta.ramirez@ejemplo.com,Chiclayo,2023-02-21
CLI-0214,MARIA MENDOZA,1997-09-21,maria.mendoza@ejemplo.com,Iquitos,2023-03-20
CLI-0215,elena torres,2004-08-03,elena.torres@ejemplo.com,Trujillo,2023-08-13
CLI-0216,Maria Ortiz,2002-04-12,maria.ortiz@ejemplo.com,Huancayo,2023-11-09
CLI-0217,Lucia Silva,1980-09-23,lucia.silva@ejemplo.com,Huancayo,2023-04-10
CLI-0218,Rosa Silva,1982-08-22,rosa.silva@ejemplo.com,Iquitos,2023-03-24
CLI-0219,JAVIER PEREZ,1972-05-04,javier.perez@ejemplo.com,Piura,2023-10-11
CLI-0220,Ana Garcia,2004-03-25,ana.garcia@ejemplo.com,Huancayo,2023-09-20
CLI-0221,Luis Ortiz,1979-12-17,luis.ortiz@ejemplo.com,Piura,2023-01-14
CLI-0222,Patricia Lopez,1986-10-10,patricia.lopez@ejemplo.com,Arequipa,2023-07-11
CLI-0223,Sonia Adama,1974-06-12,sonia.adama@ejemplo.com,Piura,2023-03-16
CLI-0224,Luis Lopez,2007-03-22,luis.lopez@ejemplo.com,Trujillo,2023-12-28
CLI-0225,Marta Silva,1973-07-22,marta.silva@ejemplo.com,,2023-04-21
CLI-0226,Luis Ortiz,1982-12-04,luis.ortiz@ejemplo.com,Arequipa,2023-01-25
CLI-0227,Sonia Ortiz,1997-12-09,sonia.ortiz@ejemplo.com,Arequipa,2023-09-13
CLI-0228,diego flores,1983-01-25,diego.flores@ejemplo.com,Piura,2023-05-04
CLI-0229,Patricia Torres,1973-11-03,patricia.torres@ejemplo.com,Piura,2023-02-04
CLI-0230,DIEGO GUZMAN,1971-12-15,diego.guzman@ejemplo.com,Piura,2023-05-10
CLI-0231,diego rojas,1985-06-20,diego.rojas@ejemplo.com,Arequipa,2023-10-25
CLI-0232,Fernando Perez,1994-06-29,fernando.perez@ejemplo.com,Trujillo,2023-12-17
CLI-0233,Ricardo Luna,2006-05-27,ricardo.luna@ejemplo.com,Huancayo,2023-01-19
CLI-0234,Lucia Ramirez,1978-12-13,lucia.ramirez@ejemplo.com,Piura,2023-06-08
CLI-0235,Gabriel Luna,2003-10-16,gabriel.luna@ejemplo.com,Chiclayo,2023-07-02
CLI-0236,Maria Mendoza,2005-11-09,maria.mendoza@ejemplo.com,Iquitos,2023-08-14
CLI-0237,GABRIEL MENDOZA,1992-04-04,gabriel.mendoza@ejemplo.com,Piura,2023-09-23
CLI-0238,roberto ruiz,1973-07-17,roberto.ruiz@ejemplo.com,Trujillo,2023-10-07
CLI-0239,Lucia Mendoza,1984-09-16,lucia.mendoza@ejemplo.com,Chiclayo,2023-08-17
CLI-0240,Patricia Torres,1985-10-08,patricia.torres@ejemplo.com,Piura,2023-11-11
CLI-0241,Patricia Castro,2005-07-03,patricia.castro@ejemplo.com,Arequipa,2023-12-10
CLI-0242,Gabriel Rojas,2003-08-22,gabriel.rojas@ejemplo.com,Lima,2023-03-15
CLI-0243,Ricardo Lopez,1980-08-02,ricardo.lopez@ejemplo.com,Piura,2023-07-05
CLI-0244,Gabriel Lopez,2000-06-17,gabriel.lopez@ejemplo.com,Piura,2023-07-10
CLI-0245,Ricardo Ruiz,1993-10-01,ricardo.ruiz@ejemplo.com,Piura,2023-11-29
CLI-0246,ROBERTO FLORES,1971-03-01,roberto.flores@ejemplo.com,Huancayo,2023-09-23
CLI-0247,Gabriel Garcia,1981-09-04,gabriel.garcia@ejemplo.com,Cusco,2023-11-10
CLI-0248,Lucia Luna,1976-02-02,lucia.luna@ejemplo.com,Huancayo,2023-03-30
CLI-0249,ricardo ruiz,2007-12-06,ricardo.ruiz@ejemplo.com,Piura,2023-12-30
CLI-0250,CARLOS VARGAS,2008-03-10,carlos.vargas@ejemplo.com,Trujillo,2023-07-05
CLI-0251,SONIA GARCIA,2005-07-13,sonia.garcia@ejemplo.com,Huancayo,2023-01-14
CLI-0252,Rosa Rojas,1994-09-30,rosa.rojas@ejemplo.com,Arequipa,2023-02-03
CLI-0253,LUCIA GUZMAN,2002-03-31,lucia.guzman@ejemplo.com,Iquitos,2023-07-29
CLI-0254,CARLOS PEREZ,1998-10-25,carlos.perez@ejemplo.com,,2023-08-27
CLI-0255,ROSA PEREZ,2004-12-31,rosa.perez@ejemplo.com,Trujillo,2023-03-08
CLI-0256,patricia lopez,1993-03-29,patricia.lopez@ejemplo.com,Trujillo,2023-03-24
CLI-0257,Fernando Flores,1993-04-11,fernando.flores@ejemplo.com,Arequipa,2023-05-09
CLI-0258,Javier Castro,1983-08-02,javier.castro@ejemplo.com,Arequipa,2023-09-15
CLI-0259,Elena Perez,1998-01-05,elena.perez@ejemplo.com,Piura,2023-10-16
CLI-0260,Maria Adama,1998-10-10,maria.adama@ejemplo.com,Chiclayo,2023-11-30
CLI-0261,Javier Ortiz,1971-05-12,javier.ortiz@ejemplo.com,Chiclayo,2023-11-25
CLI-0262,Lucia Luna,2006-03-20,lucia.luna@ejemplo.com,Chiclayo,2023-08-21
CLI-0263,Carlos Lopez,1988-08-23,carlos.lopez@ejemplo.com,Cusco,2023-06-24
CLI-0264,LUIS MENDOZA,1984-04-28,luis.mendoza@ejemplo.com,Piura,2023-07-24
CLI-0265,Luis Rojas,1974-10-06,luis.rojas@ejemplo.com,Huancayo,2023-03-04
CLI-0266,Roberto Silva,1974-05-06,roberto.silva@ejemplo.com,,2023-07-16
CLI-0267,PATRICIA FLORES,1977-03-01,patricia.flores@ejemplo.com,Piura,2023-04-08
CLI-0268,ELENA LUNA,1990-12-10,elena.luna@ejemplo.com,Chiclayo,2023-09-12
CLI-0269,DIEGO RUIZ,1992-09-03,diego.ruiz@ejemplo.com,Cusco,2023-04-21
CLI-0270,Rosa Lopez,1992-03-14,rosa.lopez@ejemplo.com,Huancayo,2023-05-27
CLI-0271,Diego Garcia,1981-11-12,diego.garcia@ejemplo.com,Iquitos,2023-07-07
CLI-0272,Maria Guzman,1995-03-15,maria.guzman@ejemplo.com,Chiclayo,2023-02-07
CLI-0273,gabriel silva,1982-07-19,gabriel.silva@ejemplo.com,Arequipa,2023-03-07
CLI-0274,Ana Guzman,1985-03-18,ana.guzman@ejemplo.com,Piura,2023-03-15
CLI-0275,Javier Guzman,1972-01-13,javier.guzman@ejemplo.com,,2024-01-01
CLI-0276,Fernando Luna,1976-09-06,fernando.luna@ejemplo.com,Trujillo,2023-06-17
CLI-0277,Fernando Torres,1997-08-27,fernando.torres@ejemplo.com,Chiclayo,2023-10-31
CLI-0278,fernando luna,1983-06-13,fernando.luna@ejemplo.com,Lima,2023-07-08
CLI-0279,FERNANDO GARCIA,1996-03-08,fernando.garcia@ejemplo.com,Lima,2023-11-02
CLI-0280,MARTA CASTRO,2005-02-13,marta.castro@ejemplo.com,Cusco,2023-01-27
CLI-0281,Marta Torres,2002-05-08,marta.torres@ejemplo.com,Iquitos,2023-03-17
CLI-0282,Sonia Lopez,2001-06-04,sonia.lopez@ejemplo.com,,2023-01-10
CLI-0283,Ricardo Mendoza,1988-07-10,ricardo.mendoza@ejemplo.com,Iquitos,2023-09-14
CLI-0284,marta lopez,1993-04-08,marta.lopez@ejemplo.com,Piura,2023-12-06
CLI-0285,Marta Guzman,1977-10-08,marta.guzman@ejemplo.com,Piura,2023-10-07
CLI-0286,Rosa Castro,1978-08-17,rosa.castro@ejemplo.com,Chiclayo,2023-10-13
CLI-0287,LUCIA FLORES,1983-05-09,lucia.flores@ejemplo.com,Cusco,2023-12-20
CLI-0288,Marta Mendoza,1995-02-22,marta.mendoza@ejemplo.com,Chiclayo,2023-05-28
CLI-0289,ANA GUZMAN,1987-09-13,ana.guzman@ejemplo.com,Trujillo,2023-05-29
CLI-0290,MARIA VARGAS,1973-07-18,maria.vargas@ejemplo.com,Huancayo,2023-12-02
CLI-0291,Roberto Luna,2007-02-21,roberto.luna@ejemplo.com,Chiclayo,2023-03-12
CLI-0292,Ana Flores,2000-01-18,ana.flores@ejemplo.com,Cusco,2023-11-23
CLI-0293,Sonia Lopez,1984-10-25,sonia.lopez@ejemplo.com,Arequipa,2023-12-15
CLI-0294,LUIS ADAMA,1977-01-31,luis.adama@ejemplo.com,Huancayo,2023-09-02
CLI-0295,Javier Vargas,1998-12-22,javier.vargas@ejemplo.com,,2023-02-15
CLI-0296,SONIA LOPEZ,1977-11-08,sonia.lopez@ejemplo.com,Trujillo,2023-01-19
CLI-0297,Gabriel Luna,2003-08-07,gabriel.luna@ejemplo.com,Chiclayo,2023-01-20
CLI-0298,Diego Vargas,1974-10-25,diego.vargas@ejemplo.com,Piura,2023-05-26
CLI-0299,RICARDO LUNA,1976-01-08,ricardo.luna@ejemplo.com,Huancayo,2023-05-20
CLI-0300,Javier Garcia,2002-10-18,javier.garcia@ejemplo.com,Chiclayo,2023-04-06
CLI-0301,diego mendoza,1995-06-21,diego.mendoza@ejemplo.com,Cusco,2023-03-31
CLI-0302,Gabriel Ortiz,1973-11-22,gabriel.ortiz@ejemplo.com,Arequipa,2023-04-05
CLI-0303,Luis Luna,1981-02-16,luis.luna@ejemplo.com,,2023-07-16
CLI-0304,sonia silva,1984-10-14,sonia.silva@ejemplo.com,Lima,2023-05-14
CLI-0305,Rosa Flores,1975-04-21,rosa.flores@ejemplo.com,Trujillo,2023-07-27
CLI-0306,Lucia Garcia,1983-03-27,lucia.garcia@ejemplo.com,Cusco,2023-04-23
CLI-0307,Luis Luna,2003-07-17,luis.luna@ejemplo.com,Piura,2023-08-01
CLI-0308,marta ramirez,2000-07-08,marta.ramirez@ejemplo.com,Arequipa,2023-09-27
CLI-0309,Ricardo Rojas,1995-04-23,ricardo.rojas@ejemplo.com,,2023-10-08
CLI-0310,Javier Perez,2008-04-30,javier.perez@ejemplo.com,Arequipa,2023-12-15
CLI-0311,Javier Luna,1992-11-22,javier.luna@ejemplo.com,Lima,2023-08-21
CLI-0312,Luis Ortiz,1972-08-03,luis.ortiz@ejemplo.com,Chiclayo,2023-01-12
CLI-0313,gabriel castro,2003-06-16,gabriel.castro@ejemplo.com,Arequipa,2023-01-24
CLI-0314,patricia rojas,1994-04-11,patricia.rojas@ejemplo.com,Arequipa,2023-08-30
CLI-0315,Maria Vargas,2004-06-29,maria.vargas@ejemplo.com,Iquitos,2023-07-11
CLI-0316,GABRIEL SILVA,1986-12-07,gabriel.silva@ejemplo.com,Trujillo,2023-12-01
CLI-0317,Rosa Garcia,1994-02-06,rosa.garcia@ejemplo.com,Trujillo,2023-04-25
CLI-0318,DIEGO ADAMA,1990-10-08,diego.adama@ejemplo.com,Iquitos,2023-09-30
CLI-0319,Gabriel Flores,1985-07-12,gabriel.flores@ejemplo.com,Cusco,2023-02-27
CLI-0320,Maria Ortiz,1970-09-14,maria.ortiz@ejemplo.com,Arequipa,2023-02-21
CLI-0321,Maria Silva,2001-07-19,maria.silva@ejemplo.com,Cusco,2023-01-23
CLI-0322,Gabriel Silva,1979-09-30,gabriel.silva@ejemplo.com,Lima,2023-03-13
CLI-0323,lucia flores,2002-10-25,lucia.flores@ejemplo.com,Piura,2023-05-02
CLI-0324,LUCIA PEREZ,1993-05-20,lucia.perez@ejemplo.com,Chiclayo,2023-05-21
CLI-0325,Maria Torres,1989-03-01,maria.torres@ejemplo.com,Lima,2023-06-26
CLI-0326,Gabriel Mendoza,1988-04-24,gabriel.mendoza@ejemplo.com,Iquitos,2023-04-05
CLI-0327,marta flores,1983-06-29,marta.flores@ejemplo.com,Trujillo,2023-08-26
CLI-0328,MARIA ORTIZ,1994-12-31,maria.ortiz@ejemplo.com,Iquitos,2023-05-05
CLI-0329,Roberto Ramirez,1973-07-19,roberto.ramirez@ejemplo.com,Piura,2023-02-17
CLI-0330,Javier Lopez,2000-03-21,javier.lopez@ejemplo.com,Lima,2023-02-07
CLI-0331,Javier Ramirez,1984-12-08,javier.ramirez@ejemplo.com,Lima,2023-04-19
CLI-0332,javier garcia,2003-11-02,javier.garcia@ejemplo.com,Cusco,2023-12-23
CLI-0333,JAVIER GUZMAN,1994-10-07,javier.guzman@ejemplo.com,Chiclayo,2023-07-14
CLI-0334,Ricardo Rojas,1986-02-18,ricardo.rojas@ejemplo.com,Huancayo,2023-08-27
CLI-0335,ana luna,1984-05-13,ana.luna@ejemplo.com,Piura,2023-06-10
CLI-0336,Patricia Lopez,1979-12-05,patricia.lopez@ejemplo.com,Lima,2023-05-14
CLI-0337,Patricia Vargas,1984-10-18,patricia.vargas@ejemplo.com,Cusco,2023-09-13
CLI-0338,fernando castro,1991-12-02,fernando.castro@ejemplo.com,Huancayo,2023-08-24
CLI-0339,Elena Rojas,2002-04-24,elena.rojas@ejemplo.com,Trujillo,2023-10-05
CLI-0340,maria lopez,1973-05-02,maria.lopez@ejemplo.com,Lima,2023-01-04
CLI-0341,patricia perez,1980-05-19,patricia.perez@ejemplo.com,,2023-03-19
CLI-0342,Diego Ramirez,1986-09-28,diego.ramirez@ejemplo.com,,2023-11-23
CLI-0343,Marta Luna,1993-11-15,marta.luna@ejemplo.com,Lima,2023-01-09
CLI-0344,Roberto Vargas,2006-06-23,roberto.vargas@ejemplo.com,Iquitos,2023-04-02
CLI-0345,Ana Garcia,1980-10-23,ana.garcia@ejemplo.com,Chiclayo,2023-07-01
CLI-0346,Roberto Guzman,1988-03-19,roberto.guzman@ejemplo.com,Cusco,2023-12-23
CLI-0347,Sonia Vargas,2008-01-13,sonia.vargas@ejemplo.com,,2023-11-29
CLI-0348,Maria Ruiz,1986-12-02,maria.ruiz@ejemplo.com,Lima,2023-11-23
CLI-0349,Diego Torres,2007-12-02,diego.torres@ejemplo.com,Piura,2023-10-17
CLI-0350,Ana Lopez,2001-01-20,ana.lopez@ejemplo.com,Huancayo,2023-05-19
CLI-0351,Maria Ruiz,1982-07-30,maria.ruiz@ejemplo.com,Lima,2023-04-02
CLI-0352,FERNANDO ADAMA,1996-05-01,fernando.adama@ejemplo.com,Iquitos,2023-02-09
CLI-0353,Lucia Torres,1995-06-03,lucia.torres@ejemplo.com,Iquitos,2023-12-13
CLI-0354,fernando guzman,1976-04-11,fernando.guzman@ejemplo.com,Arequipa,2023-09-14
CLI-0355,Rosa Lopez,1980-05-31,rosa.lopez@ejemplo.com,Piura,2023-11-06
CLI-0356,Gabriel Mendoza,1982-04-06,gabriel.mendoza@ejemplo.com,Huancayo,2023-09-09
CLI-0357,Sonia Rojas,1986-11-03,sonia.rojas@ejemplo.com,Iquitos,2023-02-13
CLI-0358,lucia flores,1973-09-06,lucia.flores@ejemplo.com,Iquitos,2023-12-31
CLI-0359,Luis Guzman,1974-10-12,luis.guzman@ejemplo.com,,2023-06-07
CLI-0360,ricardo rojas,1974-08-02,ricardo.rojas@ejemplo.com,Trujillo,2023-08-09
CLI-0361,Ricardo Ortiz,1974-01-08,ricardo.ortiz@ejemplo.com,Arequipa,2023-11-02
CLI-0362,Fernando Guzman,1988-07-24,fernando.guzman@ejemplo.com,Arequipa,2023-10-14
CLI-0363,Sonia Torres,1977-08-09,sonia.torres@ejemplo.com,Chiclayo,2023-05-18
CLI-0364,Marta Perez,1989-07-01,marta.perez@ejemplo.com,Chiclayo,2023-09-05
CLI-0365,Carlos Rojas,1981-01-23,carlos.rojas@ejemplo.com,Huancayo,2023-11-01
CLI-0366,Javier Silva,1983-09-01,javier.silva@ejemplo.com,,2023-07-22
CLI-0367,fernando guzman,1984-10-13,fernando.guzman@ejemplo.com,Iquitos,2023-11-30
CLI-0368,Luis Vargas,2001-03-10,luis.vargas@ejemplo.com,Piura,2023-04-01
CLI-0369,Gabriel Mendoza,2001-03-05,gabriel.mendoza@ejemplo.com,Cusco,2023-06-16
CLI-0370,gabriel castro,1987-08-17,gabriel.castro@ejemplo.com,Cusco,2023-10-31
CLI-0371,ELENA ADAMA,1990-09-16,elena.adama@ejemplo.com,Cusco,2023-08-13
CLI-0372,lucia ruiz,2005-09-10,lucia.ruiz@ejemplo.com,Huancayo,2023-03-13
CLI-0373,Lucia Flores,1976-11-30,lucia.flores@ejemplo.com,Iquitos,2023-02-07
CLI-0374,Ricardo Luna,1993-12-21,ricardo.luna@ejemplo.com,Iquitos,2023-10-06
CLI-0375,maria rojas,2006-06-09,maria.rojas@ejemplo.com,Arequipa,2023-02-25
CLI-0376,Sonia Rojas,1997-06-26,sonia.rojas@ejemplo.com,,2023-11-27
CLI-0377,GABRIEL MENDOZA,1989-04-23,gabriel.mendoza@ejemplo.com,,2023-02-20
CLI-0378,Roberto Flores,1993-04-09,roberto.flores@ejemplo.com,Cusco,2023-08-17
CLI-0379,Rosa Guzman,2000-06-25,rosa.guzman@ejemplo.com,Trujillo,2023-06-26
CLI-0380,Diego Luna,1988-08-29,diego.luna@ejemplo.com,Arequipa,2023-03-01
CLI-0381,Luis Rojas,1990-06-05,luis.rojas@ejemplo.com,Huancayo,2023-06-28
CLI-0382,Marta Garcia,2001-04-03,marta.garcia@ejemplo.com,Arequipa,2023-06-03
CLI-0383,Maria Garcia,1985-05-22,maria.garcia@ejemplo.com,Trujillo,2023-05-05
CLI-0384,Elena Torres,1989-02-15,elena.torres@ejemplo.com,Cusco,2023-07-27
CLI-0385,Elena Torres,1989-05-21,elena.torres@ejemplo.com,Cusco,2023-08-19
CLI-0386,Patricia Guzman,1979-08-21,patricia.guzman@ejemplo.com,Arequipa,2023-10-23
CLI-0387,Ana Torres,1978-11-03,ana.torres@ejemplo.com,Chiclayo,2023-12-10
CLI-0388,Marta Mendoza,1997-06-03,marta.mendoza@ejemplo.com,Arequipa,2023-06-28
CLI-0389,Rosa Silva,2006-07-03,rosa.silva@ejemplo.com,Chiclayo,2023-11-11
CLI-0390,Carlos Perez,1980-09-13,carlos.perez@ejemplo.com,Trujillo,2023-07-11
CLI-0391,Luis Guzman,1976-03-08,luis.guzman@ejemplo.com,Iquitos,2023-04-06
CLI-0392,Marta Torres,1991-12-19,marta.torres@ejemplo.com,Trujillo,2023-06-11
CLI-0393,RICARDO LOPEZ,1970-06-07,ricardo.lopez@ejemplo.com,Cusco,2023-07-16
CLI-0394,Marta Ortiz,1988-08-23,marta.ortiz@ejemplo.com,Huancayo,2023-09-08
CLI-0395,Elena Ruiz,2005-09-13,elena.ruiz@ejemplo.com,Chiclayo,2023-01-17
CLI-0396,Roberto Flores,1977-07-18,roberto.flores@ejemplo.com,Huancayo,2023-10-09
CLI-0397,Ana Garcia,1994-05-13,ana.garcia@ejemplo.com,Piura,2023-10-05
CLI-0398,Maria Silva,1989-01-26,maria.silva@ejemplo.com,,2023-12-01
CLI-0399,SONIA VARGAS,1971-06-13,sonia.vargas@ejemplo.com,Piura,2023-02-14
CLI-0400,ricardo garcia,1980-08-18,ricardo.garcia@ejemplo.com,Piura,2023-12-30
CLI-0401,Patricia Torres,2005-03-16,patricia.torres@ejemplo.com,Cusco,2023-01-31
CLI-0402,Rosa Castro,1977-07-21,rosa.castro@ejemplo.com,Chiclayo,2023-05-29
CLI-0403,Roberto Garcia,2003-08-25,roberto.garcia@ejemplo.com,Lima,2023-05-22
CLI-0404,Luis Perez,2001-11-29,luis.perez@ejemplo.com,Cusco,2023-12-13
CLI-0405,Gabriel Luna,1998-05-15,gabriel.luna@ejemplo.com,Iquitos,2023-07-12
CLI-0406,Ricardo Ruiz,2004-06-28,ricardo.ruiz@ejemplo.com,,2023-09-21
CLI-0407,Roberto Rojas,1991-11-23,roberto.rojas@ejemplo.com,Lima,2023-02-17
CLI-0408,RICARDO ROJAS,2005-09-10,ricardo.rojas@ejemplo.com,Cusco,2023-08-08
CLI-0409,Javier Luna,2007-02-27,javier.luna@ejemplo.com,Trujillo,2023-10-17
CLI-0410,MARTA MENDOZA,2004-03-11,marta.mendoza@ejemplo.com,,2023-02-20
CLI-0411,Ricardo Adama,1977-02-01,ricardo.adama@ejemplo.com,Lima,2023-08-08
CLI-0412,JAVIER PEREZ,1983-07-17,javier.perez@ejemplo.com,Chiclayo,2023-02-17
CLI-0413,Rosa Castro,1999-10-23,rosa.castro@ejemplo.com,Trujillo,2023-01-27
CLI-0414,gabriel vargas,2003-11-17,gabriel.vargas@ejemplo.com,Arequipa,2023-12-27
CLI-0415,Ana Adama,1973-06-30,ana.adama@ejemplo.com,Cusco,2023-09-23
CLI-0416,Ricardo Adama,1985-05-31,ricardo.adama@ejemplo.com,Iquitos,2023-12-22
CLI-0417,Luis Luna,1987-03-09,luis.luna@ejemplo.com,,2023-02-22
CLI-0418,Ana Mendoza,1983-06-04,ana.mendoza@ejemplo.com,Trujillo,2023-11-25
CLI-0419,Luis Ruiz,1970-05-19,luis.ruiz@ejemplo.com,Trujillo,2023-08-14
CLI-0420,Rosa Ramirez,1976-10-16,rosa.ramirez@ejemplo.com,Huancayo,2023-04-22
CLI-0421,Carlos Garcia,1975-07-11,carlos.garcia@ejemplo.com,Iquitos,2023-06-29
CLI-0422,patricia mendoza,1981-02-11,patricia.mendoza@ejemplo.com,Arequipa,2023-05-08
CLI-0423,lucia adama,1999-07-15,lucia.adama@ejemplo.com,Cusco,2023-09-23
CLI-0424,Javier Guzman,1972-06-13,javier.guzman@ejemplo.com,Cusco,2023-09-11
CLI-0425,Gabriel Garcia,1998-08-16,gabriel.garcia@ejemplo.com,Lima,2023-07-04
CLI-0426,Fernando Perez,2007-08-20,fernando.perez@ejemplo.com,Piura,2023-10-07
CLI-0427,ELENA LUNA,2004-07-22,elena.luna@ejemplo.com,,2023-10-28
CLI-0428,Carlos Adama,1971-10-15,carlos.adama@ejemplo.com,Iquitos,2023-09-17
CLI-0429,Lucia Ortiz,1988-01-17,lucia.ortiz@ejemplo.com,,2023-10-02
CLI-0430,Luis Castro,1973-07-18,luis.castro@ejemplo.com,Cusco,2023-03-21
CLI-0431,Fernando Guzman,2004-03-27,fernando.guzman@ejemplo.com,Arequipa,2023-06-08
CLI-0432,Patricia Flores,1973-11-13,patricia.flores@ejemplo.com,Arequipa,2023-08-21
CLI-0433,Maria Vargas,1999-07-09,maria.vargas@ejemplo.com,Arequipa,2023-01-07
CLI-0434,Luis Adama,1985-07-21,luis.adama@ejemplo.com,Chiclayo,2023-03-27
CLI-0435,rosa perez,1982-01-21,rosa.perez@ejemplo.com,Arequipa,2023-01-16
CLI-0436,Fernando Ortiz,1972-11-12,fernando.ortiz@ejemplo.com,Arequipa,2023-09-12
CLI-0437,Ricardo Rojas,1995-06-06,ricardo.rojas@ejemplo.com,Trujillo,2023-05-11
CLI-0438,Ana Garcia,1992-10-28,ana.garcia@ejemplo.com,,2023-01-07
CLI-0439,Sonia Lopez,1987-03-07,sonia.lopez@ejemplo.com,Trujillo,2023-01-19
CLI-0440,Patricia Flores,1988-09-02,patricia.flores@ejemplo.com,Piura,2023-05-19
CLI-0441,Carlos Rojas,2000-03-15,carlos.rojas@ejemplo.com,Trujillo,2023-04-25
CLI-0442,Maria Guzman,1990-11-12,maria.guzman@ejemplo.com,Chiclayo,2023-06-17
CLI-0443,Carlos Silva,1979-01-01,carlos.silva@ejemplo.com,Chiclayo,2023-11-15
CLI-0444,Sonia Silva,1992-02-18,sonia.silva@ejemplo.com,Cusco,2023-10-07
CLI-0445,Sonia Perez,1988-05-24,sonia.perez@ejemplo.com,,2023-10-05
CLI-0446,ROSA ADAMA,1970-01-24,rosa.adama@ejemplo.com,Iquitos,2023-06-07
CLI-0447,Ana Ramirez,1980-09-07,ana.ramirez@ejemplo.com,Lima,2023-03-14
CLI-0448,Roberto Ruiz,1980-05-20,roberto.ruiz@ejemplo.com,Iquitos,2023-12-25
CLI-0449,ROSA SILVA,1973-10-23,rosa.silva@ejemplo.com,Trujillo,2023-11-23
CLI-0450,Gabriel Ruiz,1972-10-17,gabriel.ruiz@ejemplo.com,Trujillo,2023-05-02
CLI-0451,LUCIA CASTRO,2005-12-03,lucia.castro@ejemplo.com,Piura,2023-06-12
CLI-0452,Ricardo Castro,1979-02-04,ricardo.castro@ejemplo.com,Arequipa,2023-03-21
CLI-0453,Ana Torres,1984-02-02,ana.torres@ejemplo.com,Piura,2023-04-17
CLI-0454,Ricardo Vargas,2008-03-29,ricardo.vargas@ejemplo.com,,2023-03-22
CLI-0455,Lucia Lopez,1984-09-14,lucia.lopez@ejemplo.com,Cusco,2023-07-02
CLI-0456,Gabriel Lopez,1981-09-02,gabriel.lopez@ejemplo.com,Trujillo,2023-01-16
CLI-0457,Gabriel Silva,1994-09-05,gabriel.silva@ejemplo.com,Huancayo,2023-02-22
CLI-0458,Luis Garcia,2007-04-01,luis.garcia@ejemplo.com,Cusco,2023-03-08
CLI-0459,Javier Guzman,1998-04-10,javier.guzman@ejemplo.com,Arequipa,2023-10-26
CLI-0460,Roberto Ruiz,1972-11-22,roberto.ruiz@ejemplo.com,Huancayo,2023-03-07
CLI-0461,Carlos Mendoza,1990-09-05,carlos.mendoza@ejemplo.com,,2023-10-21
CLI-0462,Patricia Guzman,1987-03-03,patricia.guzman@ejemplo.com,Trujillo,2023-07-01
CLI-0463,Javier Torres,1990-01-03,javier.torres@ejemplo.com,Lima,2023-11-11
CLI-0464,Sonia Vargas,1994-09-14,sonia.vargas@ejemplo.com,Arequipa,2023-05-24
CLI-0465,Gabriel Perez,1998-10-30,gabriel.perez@ejemplo.com,Cusco,2023-11-19
CLI-0466,diego guzman,1986-02-09,diego.guzman@ejemplo.com,Huancayo,2023-06-26
CLI-0467,Fernando Guzman,1971-03-04,fernando.guzman@ejemplo.com,Cusco,2023-01-16
CLI-0468,roberto lopez,1991-02-28,roberto.lopez@ejemplo.com,Cusco,2023-03-23
CLI-0469,Ana Flores,1981-12-15,ana.flores@ejemplo.com,Lima,2023-04-23
CLI-0470,GABRIEL ROJAS,2007-12-01,gabriel.rojas@ejemplo.com,Cusco,2023-10-31
CLI-0471,FERNANDO ROJAS,1971-04-08,fernando.rojas@ejemplo.com,Piura,2023-10-18
CLI-0472,luis ramirez,2006-05-09,luis.ramirez@ejemplo.com,Huancayo,2023-10-05
CLI-0473,Lucia Torres,1974-01-18,lucia.torres@ejemplo.com,,2023-11-05
CLI-0474,Sonia Adama,1970-01-12,sonia.adama@ejemplo.com,Cusco,2023-03-08
CLI-0475,FERNANDO TORRES,2007-11-15,fernando.torres@ejemplo.com,Lima,2023-01-12
CLI-0476,luis perez,2007-12-21,luis.perez@ejemplo.com,Piura,2023-02-07
CLI-0477,Rosa Guzman,1985-02-05,rosa.guzman@ejemplo.com,Trujillo,2023-03-22
CLI-0478,Patricia Luna,1977-10-25,patricia.luna@ejemplo.com,Piura,2023-04-25
CLI-0479,Elena Guzman,2000-11-19,elena.guzman@ejemplo.com,Trujillo,2023-01-01
CLI-0480,Gabriel Lopez,1984-04-10,gabriel.lopez@ejemplo.com,Cusco,2023-11-24
CLI-0481,Ana Luna,2003-06-08,ana.luna@ejemplo.com,,2023-06-27
CLI-0482,Fernando Torres,1973-12-24,fernando.torres@ejemplo.com,Piura,2023-08-17
CLI-0483,Diego Castro,2001-02-03,diego.castro@ejemplo.com,,2023-05-12
CLI-0484,Ana Adama,1989-08-28,ana.adama@ejemplo.com,Trujillo,2023-07-31
CLI-0485,Marta Guzman,1986-11-02,marta.guzman@ejemplo.com,,2023-09-03
CLI-0486,Sonia Torres,2005-11-07,sonia.torres@ejemplo.com,Chiclayo,2023-01-11
CLI-0487,FERNANDO CASTRO,1973-04-30,fernando.castro@ejemplo.com,Iquitos,2023-03-24
CLI-0488,Carlos Ruiz,1997-07-11,carlos.ruiz@ejemplo.com,Lima,2023-08-09
CLI-0489,Elena Ortiz,1974-07-18,elena.ortiz@ejemplo.com,Cusco,2023-07-29
CLI-0490,Roberto Vargas,1974-04-21,roberto.vargas@ejemplo.com,,2023-10-20
CLI-0491,Marta Perez,1970-03-04,marta.perez@ejemplo.com,Chiclayo,2023-12-05
CLI-0492,Marta Ramirez,1979-04-14,marta.ramirez@ejemplo.com,Chiclayo,2023-02-11
CLI-0493,Marta Garcia,1987-10-31,marta.garcia@ejemplo.com,Chiclayo,2023-02-16
CLI-0494,Gabriel Torres,1987-02-10,gabriel.torres@ejemplo.com,Huancayo,2023-01-23
CLI-0495,Roberto Silva,1980-02-24,roberto.silva@ejemplo.com,Lima,2023-03-19
CLI-0496,Ana Ruiz,2006-04-03,ana.ruiz@ejemplo.com,Cusco,2023-10-11
CLI-0497,maria guzman,1988-10-11,maria.guzman@ejemplo.com,Huancayo,2023-10-21
CLI-0498,Sonia Luna,1987-09-17,sonia.luna@ejemplo.com,Lima,2023-09-15
CLI-0499,LUIS GARCIA,1990-02-22,luis.garcia@ejemplo.com,Trujillo,2023-04-19
CLI-0500,Javier Perez,1973-07-07,javier.perez@ejemplo.com,Iquitos,2023-04-14
